{
  "generatedAt": "2026-06-19T18:24:37.995Z",
  "n": 21,
  "champion": "Champion (v1.0.0-platt)",
  "significanceLevel": 0.05,
  "requiredPower": 0.8,
  "challengers": [
    {
      "name": "H: Rho×3 + Draw +30% + Cap400",
      "description": "Full combination challenger — rho × draw prior × Elo cap",
      "n": 21,
      "meanDiff": 0.03382857142857145,
      "sdDiff": 0.14953408020534031,
      "tStat": 1.036700055337036,
      "pValue": 0.15612414425325133,
      "ci95Lower": -0.024180952380952376,
      "ci95Upper": 0.10001904761904766,
      "ci90Lower": -0.015761904761904744,
      "ci90Upper": 0.08866666666666673,
      "sigAt05": false,
      "sigAt10": false,
      "drawMeanDiff": 0.19885000000000008,
      "homeMeanDiff": -0.06198,
      "awayMeanDiff": -0.08686666666666672,
      "drawN": 8,
      "homeN": 10,
      "awayN": 3,
      "anyStratumRegresses": true,
      "regressionStrata": [
        "home (-0.0620)",
        "away (-0.0869)"
      ],
      "minN80": 245,
      "minN90": 309,
      "shrinkage26pct": 0.001585923076923089,
      "shrinkage28pct": 0.006917384615384631,
      "minN80_26pct": 111110,
      "minN90_26pct": 140484
    },
    {
      "name": "F: Rho×3 + Elo Cap 400",
      "description": "rho=-0.15 + Elo advantage capped at 400pts in WC group play",
      "n": 21,
      "meanDiff": 0.020809523809523816,
      "sdDiff": 0.0835740504269232,
      "tStat": 1.1410386064333706,
      "pValue": 0.13366653765293932,
      "ci95Lower": -0.0049619047619047785,
      "ci95Upper": 0.06102857142857145,
      "ci90Lower": -0.002952380952380946,
      "ci90Upper": 0.05427619047619047,
      "sigAt05": false,
      "sigAt10": false,
      "drawMeanDiff": 0.08062500000000002,
      "homeMeanDiff": -0.014640000000000004,
      "awayMeanDiff": -0.02053333333333333,
      "drawN": 8,
      "homeN": 10,
      "awayN": 3,
      "anyStratumRegresses": true,
      "regressionStrata": [
        "home (-0.0146)",
        "away (-0.0205)"
      ],
      "minN80": 202,
      "minN90": 255,
      "shrinkage26pct": 0.009122500000000006,
      "shrinkage28pct": 0.01105500000000001,
      "minN80_26pct": 1049,
      "minN90_26pct": 1327
    },
    {
      "name": "E: Draw Prior +70%",
      "description": "Post-Platt draw inflation ×1.7 — maximum draw prior experiment",
      "n": 21,
      "meanDiff": 0.020685714285714325,
      "sdDiff": 0.17641236432210272,
      "tStat": 0.5373424469581723,
      "pValue": 0.29847978414221765,
      "ci95Lower": -0.05123809523809526,
      "ci95Upper": 0.09440000000000005,
      "ci90Lower": -0.04116190476190477,
      "ci90Upper": 0.08334285714285727,
      "sigAt05": false,
      "sigAt10": false,
      "drawMeanDiff": 0.23160000000000008,
      "homeMeanDiff": -0.09908000000000002,
      "awayMeanDiff": -0.14253333333333337,
      "drawN": 8,
      "homeN": 10,
      "awayN": 3,
      "anyStratumRegresses": true,
      "regressionStrata": [
        "home (-0.0991)",
        "away (-0.1425)"
      ],
      "minN80": 909,
      "minN90": 1150,
      "shrinkage26pct": -0.02052369230769229,
      "shrinkage28pct": -0.01370953846153844,
      "minN80_26pct": null,
      "minN90_26pct": null
    },
    {
      "name": "D: Draw Prior +50%",
      "description": "Post-Platt draw inflation ×1.5 — stronger WC draw prior",
      "n": 21,
      "meanDiff": 0.017876190476190483,
      "sdDiff": 0.13021315565165414,
      "tStat": 0.6291145897250277,
      "pValue": 0.2681972078843448,
      "ci95Lower": -0.035095238095238124,
      "ci95Upper": 0.07222857142857146,
      "ci90Lower": -0.027971428571428605,
      "ci90Upper": 0.06443809523809525,
      "sigAt05": false,
      "sigAt10": false,
      "drawMeanDiff": 0.17337500000000006,
      "homeMeanDiff": -0.07216000000000003,
      "awayMeanDiff": -0.09666666666666669,
      "drawN": 8,
      "homeN": 10,
      "awayN": 3,
      "anyStratumRegresses": true,
      "regressionStrata": [
        "home (-0.0722)",
        "away (-0.0967)"
      ],
      "minN80": 664,
      "minN90": 839,
      "shrinkage26pct": -0.012505884615384613,
      "shrinkage28pct": -0.007482076923076918,
      "minN80_26pct": null,
      "minN90_26pct": null
    },
    {
      "name": "G: Rho×3 + Draw +30%",
      "description": "Combined: rho inflation + draw prior",
      "n": 21,
      "meanDiff": 0.016190476190476203,
      "sdDiff": 0.11406970634117507,
      "tStat": 0.650427576786494,
      "pValue": 0.2614092109605877,
      "ci95Lower": -0.030352380952380967,
      "ci95Upper": 0.06387619047619048,
      "ci90Lower": -0.023961904761904757,
      "ci90Upper": 0.05729523809523819,
      "sigAt05": false,
      "sigAt10": false,
      "drawMeanDiff": 0.15255000000000007,
      "homeMeanDiff": -0.06198,
      "awayMeanDiff": -0.08686666666666672,
      "drawN": 8,
      "homeN": 10,
      "awayN": 3,
      "anyStratumRegresses": true,
      "regressionStrata": [
        "home (-0.0620)",
        "away (-0.0869)"
      ],
      "minN80": 621,
      "minN90": 785,
      "shrinkage26pct": -0.010452076923076918,
      "shrinkage28pct": -0.0060466153846153725,
      "minN80_26pct": null,
      "minN90_26pct": null
    },
    {
      "name": "C: Draw Prior +30%",
      "description": "Post-Platt draw inflation ×1.3 — adds WC tournament draw prior",
      "n": 21,
      "meanDiff": 0.014504761904761913,
      "sdDiff": 0.08396005285962177,
      "tStat": 0.7916761257525338,
      "pValue": 0.21891939621808199,
      "ci95Lower": -0.01978095238095238,
      "ci95Upper": 0.04955238095238097,
      "ci90Lower": -0.015152380952380943,
      "ci90Upper": 0.0443619047619048,
      "sigAt05": false,
      "sigAt10": false,
      "drawMeanDiff": 0.11307500000000004,
      "homeMeanDiff": -0.04125999999999999,
      "awayMeanDiff": -0.062466666666666705,
      "drawN": 8,
      "homeN": 10,
      "awayN": 3,
      "anyStratumRegresses": true,
      "regressionStrata": [
        "home (-0.0413)",
        "away (-0.0625)"
      ],
      "minN80": 419,
      "minN90": 530,
      "shrinkage26pct": -0.004754346153846151,
      "shrinkage28pct": -0.0015697692307692218,
      "minN80_26pct": null,
      "minN90_26pct": null
    },
    {
      "name": "B: Rho×3",
      "description": "rho=-0.15 (3× more negative) — aggressive draw inflation",
      "n": 21,
      "meanDiff": 0.004314285714285717,
      "sdDiff": 0.02760359189877807,
      "tStat": 0.716230732865461,
      "pValue": 0.24106448865050428,
      "ci95Lower": -0.006999999999999983,
      "ci95Upper": 0.015685714285714303,
      "ci90Lower": -0.00529523809523808,
      "ci90Upper": 0.014380952380952383,
      "sigAt05": false,
      "sigAt10": false,
      "drawMeanDiff": 0.03732500000000001,
      "homeMeanDiff": -0.014640000000000004,
      "awayMeanDiff": -0.02053333333333333,
      "drawN": 8,
      "homeN": 10,
      "awayN": 3,
      "anyStratumRegresses": true,
      "regressionStrata": [
        "home (-0.0146)",
        "away (-0.0205)"
      ],
      "minN80": 512,
      "minN90": 647,
      "shrinkage26pct": -0.0021354999999999968,
      "shrinkage28pct": -0.0010689999999999953,
      "minN80_26pct": null,
      "minN90_26pct": null
    },
    {
      "name": "A: Rho×1.5",
      "description": "rho=-0.075 (1.5× more negative) — more draw inflation in score grid",
      "n": 21,
      "meanDiff": -0.0008095238095238234,
      "sdDiff": 0.010900179116046928,
      "tStat": -0.34033423620999176,
      "pValue": 1,
      "ci95Lower": -0.0053047619047619276,
      "ci95Upper": 0.00366666666666667,
      "ci90Lower": -0.004657142857142857,
      "ci90Upper": 0.00306666666666667,
      "sigAt05": false,
      "sigAt10": false,
      "drawMeanDiff": 0.006975000000000023,
      "homeMeanDiff": -0.004520000000000043,
      "awayMeanDiff": -0.009200000000000014,
      "drawN": 8,
      "homeN": 10,
      "awayN": 3,
      "anyStratumRegresses": false,
      "regressionStrata": [],
      "minN80": 2266,
      "minN90": 2865,